﻿<?xml version="1.0" encoding="utf-8"?>
<?xml-stylesheet type="text/xsl" href="c:\program files (x86)\microsoft visual studio 14.0\team tools\static analysis tools\fxcop\Xml\CodeAnalysisReport.xsl"?>
<FxCopReport Version="14.0">
 <Targets>
  <Target Name="C:\Users\RaJpuT\AppData\Local\Temp\tmp52B8.tmp.cadir\bin\App_Web_20cjtozf.dll">
   <Modules>
    <Module Name="app_web_20cjtozf.dll">
     <Namespaces>
      <Namespace Name="">
       <Types>
        <Type Name="AdminAddBrand" Kind="Class" Accessibility="Public" ExternallyVisible="True">
         <Members>
          <Member Name="#btnAdd_Click(System.Object,System.EventArgs)" Kind="Method" Static="False" Accessibility="Family" ExternallyVisible="True">
           <Messages>
            <Message TypeName="Review SQL queries for security vulnerabilities" Category="Microsoft.Security" CheckId="CA2100" Status="Active" Created="2018-05-08 19:26:42Z" FixCategory="DependsOnFix">
             <Issue Name="WithNonLiterals" Certainty="75" Level="Warning" Path="c:\Users\RaJpuT\Documents\Visual Studio 2015\WebSites\Final Practice" File="AdminAddBrand.aspx.cs" Line="46">The query string passed to 'SqlCommand.SqlCommand(string, SqlConnection)' in 'AdminAddBrand.btnAdd_Click(object, EventArgs)' could contain the following variables 'this.txtBrandName.Text'. If any of these variables could come from user input, consider using a stored procedure or a parameterized SQL query instead of building the query with string concatenations.</Issue>
            </Message>
           </Messages>
          </Member>
         </Members>
        </Type>
        <Type Name="AdminAddCategory" Kind="Class" Accessibility="Public" ExternallyVisible="True">
         <Members>
          <Member Name="#btnAdd_Click(System.Object,System.EventArgs)" Kind="Method" Static="False" Accessibility="Family" ExternallyVisible="True">
           <Messages>
            <Message TypeName="Review SQL queries for security vulnerabilities" Category="Microsoft.Security" CheckId="CA2100" Status="Active" Created="2018-05-08 19:26:42Z" FixCategory="DependsOnFix">
             <Issue Name="WithNonLiterals" Certainty="75" Level="Warning" Path="c:\Users\RaJpuT\Documents\Visual Studio 2015\WebSites\Final Practice" File="AdminAddCategory.aspx.cs" Line="48">The query string passed to 'SqlCommand.SqlCommand(string, SqlConnection)' in 'AdminAddCategory.btnAdd_Click(object, EventArgs)' could contain the following variables 'this.txtCatName.Text'. If any of these variables could come from user input, consider using a stored procedure or a parameterized SQL query instead of building the query with string concatenations.</Issue>
            </Message>
           </Messages>
          </Member>
         </Members>
        </Type>
        <Type Name="AdminAddGender" Kind="Class" Accessibility="Public" ExternallyVisible="True">
         <Members>
          <Member Name="#btnAdd_Click(System.Object,System.EventArgs)" Kind="Method" Static="False" Accessibility="Family" ExternallyVisible="True">
           <Messages>
            <Message TypeName="Review SQL queries for security vulnerabilities" Category="Microsoft.Security" CheckId="CA2100" Status="Active" Created="2018-05-08 19:26:42Z" FixCategory="DependsOnFix">
             <Issue Name="WithNonLiterals" Certainty="75" Level="Warning" Path="c:\Users\RaJpuT\Documents\Visual Studio 2015\WebSites\Final Practice" File="AdminAddGender.aspx.cs" Line="43">The query string passed to 'SqlCommand.SqlCommand(string, SqlConnection)' in 'AdminAddGender.btnAdd_Click(object, EventArgs)' could contain the following variables 'this.txtGenderName.Text'. If any of these variables could come from user input, consider using a stored procedure or a parameterized SQL query instead of building the query with string concatenations.</Issue>
            </Message>
           </Messages>
          </Member>
         </Members>
        </Type>
        <Type Name="AdminAddProducts" Kind="Class" Accessibility="Public" ExternallyVisible="True">
         <Members>
          <Member Name="#btnAdd_Click(System.Object,System.EventArgs)" Kind="Method" Static="False" Accessibility="Family" ExternallyVisible="True">
           <Messages>
            <Message TypeName="Review SQL queries for security vulnerabilities" Category="Microsoft.Security" CheckId="CA2100" Status="Active" Created="2018-05-08 19:26:42Z" FixCategory="DependsOnFix">
             <Issue Name="WithNonLiterals" Certainty="75" Level="Warning" Path="c:\Users\RaJpuT\Documents\Visual Studio 2015\WebSites\Final Practice" File="AdminAddProducts.aspx.cs" Line="145">The query string passed to 'SqlCommand.SqlCommand(string, SqlConnection)' in 'AdminAddProducts.btnAdd_Click(object, EventArgs)' could contain the following variables 'PID', 'SizeID', 'Quantity'. If any of these variables could come from user input, consider using a stored procedure or a parameterized SQL query instead of building the query with string concatenations.</Issue>
             <Issue Name="WithNonLiterals" Certainty="75" Level="Warning" Path="c:\Users\RaJpuT\Documents\Visual Studio 2015\WebSites\Final Practice" File="AdminAddProducts.aspx.cs" Line="161">The query string passed to 'SqlCommand.SqlCommand(string, SqlConnection)' in 'AdminAddProducts.btnAdd_Click(object, EventArgs)' could contain the following variables 'PID', 'this.txtPName.Text', 'Path.GetExtension(this.fuImg01.PostedFile.FileName)'. If any of these variables could come from user input, consider using a stored procedure or a parameterized SQL query instead of building the query with string concatenations.</Issue>
             <Issue Name="WithNonLiterals" Certainty="75" Level="Warning" Path="c:\Users\RaJpuT\Documents\Visual Studio 2015\WebSites\Final Practice" File="AdminAddProducts.aspx.cs" Line="174">The query string passed to 'SqlCommand.SqlCommand(string, SqlConnection)' in 'AdminAddProducts.btnAdd_Click(object, EventArgs)' could contain the following variables 'PID', 'this.txtPName.Text', 'Path.GetExtension(this.fuImg02.PostedFile.FileName)'. If any of these variables could come from user input, consider using a stored procedure or a parameterized SQL query instead of building the query with string concatenations.</Issue>
             <Issue Name="WithNonLiterals" Certainty="75" Level="Warning" Path="c:\Users\RaJpuT\Documents\Visual Studio 2015\WebSites\Final Practice" File="AdminAddProducts.aspx.cs" Line="187">The query string passed to 'SqlCommand.SqlCommand(string, SqlConnection)' in 'AdminAddProducts.btnAdd_Click(object, EventArgs)' could contain the following variables 'PID', 'this.txtPName.Text', 'Path.GetExtension(this.fuImg03.PostedFile.FileName)'. If any of these variables could come from user input, consider using a stored procedure or a parameterized SQL query instead of building the query with string concatenations.</Issue>
             <Issue Name="WithNonLiterals" Certainty="75" Level="Warning" Path="c:\Users\RaJpuT\Documents\Visual Studio 2015\WebSites\Final Practice" File="AdminAddProducts.aspx.cs" Line="200">The query string passed to 'SqlCommand.SqlCommand(string, SqlConnection)' in 'AdminAddProducts.btnAdd_Click(object, EventArgs)' could contain the following variables 'PID', 'this.txtPName.Text', 'Path.GetExtension(this.fuImg04.PostedFile.FileName)'. If any of these variables could come from user input, consider using a stored procedure or a parameterized SQL query instead of building the query with string concatenations.</Issue>
             <Issue Name="WithNonLiterals" Certainty="75" Level="Warning" Path="c:\Users\RaJpuT\Documents\Visual Studio 2015\WebSites\Final Practice" File="AdminAddProducts.aspx.cs" Line="213">The query string passed to 'SqlCommand.SqlCommand(string, SqlConnection)' in 'AdminAddProducts.btnAdd_Click(object, EventArgs)' could contain the following variables 'PID', 'this.txtPName.Text', 'Path.GetExtension(this.fuImg05.PostedFile.FileName)'. If any of these variables could come from user input, consider using a stored procedure or a parameterized SQL query instead of building the query with string concatenations.</Issue>
            </Message>
           </Messages>
          </Member>
          <Member Name="#ddlCategory_SelectedIndexChanged(System.Object,System.EventArgs)" Kind="Method" Static="False" Accessibility="Family" ExternallyVisible="True">
           <Messages>
            <Message TypeName="Review SQL queries for security vulnerabilities" Category="Microsoft.Security" CheckId="CA2100" Status="Active" Created="2018-05-08 19:26:42Z" FixCategory="DependsOnFix">
             <Issue Name="WithNonLiterals" Certainty="75" Level="Warning" Path="c:\Users\RaJpuT\Documents\Visual Studio 2015\WebSites\Final Practice" File="AdminAddProducts.aspx.cs" Line="224">The query string passed to 'SqlCommand.SqlCommand(string, SqlConnection)' in 'AdminAddProducts.ddlCategory_SelectedIndexChanged(object, EventArgs)' could contain the following variables 'this.ddlCategory.SelectedItem.Value'. If any of these variables could come from user input, consider using a stored procedure or a parameterized SQL query instead of building the query with string concatenations.</Issue>
            </Message>
           </Messages>
          </Member>
          <Member Name="#ddlGender_SelectedIndexChanged(System.Object,System.EventArgs)" Kind="Method" Static="False" Accessibility="Family" ExternallyVisible="True">
           <Messages>
            <Message TypeName="Review SQL queries for security vulnerabilities" Category="Microsoft.Security" CheckId="CA2100" Status="Active" Created="2018-05-08 19:26:42Z" FixCategory="DependsOnFix">
             <Issue Name="WithNonLiterals" Certainty="75" Level="Warning" Path="c:\Users\RaJpuT\Documents\Visual Studio 2015\WebSites\Final Practice" File="AdminAddProducts.aspx.cs" Line="248">The query string passed to 'SqlCommand.SqlCommand(string, SqlConnection)' in 'AdminAddProducts.ddlGender_SelectedIndexChanged(object, EventArgs)' could contain the following variables 'new string[9][1]', 'new string[9][3]', 'new string[9][5]', 'new string[9][7]'. If any of these variables could come from user input, consider using a stored procedure or a parameterized SQL query instead of building the query with string concatenations.</Issue>
            </Message>
           </Messages>
          </Member>
         </Members>
        </Type>
        <Type Name="AdminAddSize" Kind="Class" Accessibility="Public" ExternallyVisible="True">
         <Members>
          <Member Name="#btnAdd_Click(System.Object,System.EventArgs)" Kind="Method" Static="False" Accessibility="Family" ExternallyVisible="True">
           <Messages>
            <Message TypeName="Review SQL queries for security vulnerabilities" Category="Microsoft.Security" CheckId="CA2100" Status="Active" Created="2018-05-08 19:26:42Z" FixCategory="DependsOnFix">
             <Issue Name="WithNonLiterals" Certainty="75" Level="Warning" Path="c:\Users\RaJpuT\Documents\Visual Studio 2015\WebSites\Final Practice" File="AdminAddSize.aspx.cs" Line="113">The query string passed to 'SqlCommand.SqlCommand(string, SqlConnection)' in 'AdminAddSize.btnAdd_Click(object, EventArgs)' could contain the following variables 'this.txtSizeName.Text', 'new string[11][3]', 'new string[11][5]', 'new string[11][7]', 'new string[11][9]'. If any of these variables could come from user input, consider using a stored procedure or a parameterized SQL query instead of building the query with string concatenations.</Issue>
            </Message>
           </Messages>
          </Member>
          <Member Name="#ddlCategory_SelectedIndexChanged(System.Object,System.EventArgs)" Kind="Method" Static="False" Accessibility="Family" ExternallyVisible="True">
           <Messages>
            <Message TypeName="Review SQL queries for security vulnerabilities" Category="Microsoft.Security" CheckId="CA2100" Status="Active" Created="2018-05-08 19:26:42Z" FixCategory="DependsOnFix">
             <Issue Name="WithNonLiterals" Certainty="75" Level="Warning" Path="c:\Users\RaJpuT\Documents\Visual Studio 2015\WebSites\Final Practice" File="AdminAddSize.aspx.cs" Line="137">The query string passed to 'SqlCommand.SqlCommand(string, SqlConnection)' in 'AdminAddSize.ddlCategory_SelectedIndexChanged(object, EventArgs)' could contain the following variables 'this.ddlCategory.SelectedItem.Value'. If any of these variables could come from user input, consider using a stored procedure or a parameterized SQL query instead of building the query with string concatenations.</Issue>
            </Message>
           </Messages>
          </Member>
         </Members>
        </Type>
        <Type Name="AdminAddSubCategory" Kind="Class" Accessibility="Public" ExternallyVisible="True">
         <Members>
          <Member Name="#btnAdd_Click(System.Object,System.EventArgs)" Kind="Method" Static="False" Accessibility="Family" ExternallyVisible="True">
           <Messages>
            <Message TypeName="Review SQL queries for security vulnerabilities" Category="Microsoft.Security" CheckId="CA2100" Status="Active" Created="2018-05-08 19:26:42Z" FixCategory="DependsOnFix">
             <Issue Name="WithNonLiterals" Certainty="75" Level="Warning" Path="c:\Users\RaJpuT\Documents\Visual Studio 2015\WebSites\Final Practice" File="AdminAddSubCategory.aspx.cs" Line="70">The query string passed to 'SqlCommand.SqlCommand(string, SqlConnection)' in 'AdminAddSubCategory.btnAdd_Click(object, EventArgs)' could contain the following variables 'this.txtSubCatName.Text', 'new string[5][3]'. If any of these variables could come from user input, consider using a stored procedure or a parameterized SQL query instead of building the query with string concatenations.</Issue>
            </Message>
           </Messages>
          </Member>
         </Members>
        </Type>
        <Type Name="AdminDefault" Kind="Class" Accessibility="Public" ExternallyVisible="True">
         <Members>
          <Member Name="#Page_Load(System.Object,System.EventArgs)" Kind="Method" Static="False" Accessibility="Family" ExternallyVisible="True">
           <Messages>
            <Message TypeName="Review SQL queries for security vulnerabilities" Category="Microsoft.Security" CheckId="CA2100" Status="Active" Created="2018-05-08 19:26:42Z" FixCategory="DependsOnFix">
             <Issue Name="WithNonLiterals" Certainty="75" Level="Warning" Path="c:\Users\RaJpuT\Documents\Visual Studio 2015\WebSites\Final Practice" File="AdminDefault.aspx.cs" Line="26">The query string passed to 'SqlCommand.SqlCommand(string, SqlConnection)' in 'AdminDefault.Page_Load(object, EventArgs)' could contain the following variables 'this.Session["USERNAME"]'. If any of these variables could come from user input, consider using a stored procedure or a parameterized SQL query instead of building the query with string concatenations.</Issue>
            </Message>
           </Messages>
          </Member>
         </Members>
        </Type>
        <Type Name="AllUserProfiles" Kind="Class" Accessibility="Public" ExternallyVisible="True">
         <Members>
          <Member Name="#Button2_Click(System.Object,System.EventArgs)" Kind="Method" Static="False" Accessibility="Family" ExternallyVisible="True">
           <Messages>
            <Message TypeName="Do not dispose objects multiple times" Category="Microsoft.Usage" CheckId="CA2202" Status="Active" Created="2018-05-08 19:26:42Z" FixCategory="DependsOnFix">
             <Issue Certainty="75" Level="Warning" Path="c:\Users\RaJpuT\Documents\Visual Studio 2015\WebSites\Final Practice" File="AllUserProfiles.aspx.cs" Line="59">Object 'cnn' can be disposed more than once in method 'AllUserProfiles.Button2_Click(object, EventArgs)'. To avoid generating a System.ObjectDisposedException you should not call Dispose more than one time on an object.: Lines: 59</Issue>
             <Issue Certainty="75" Level="Warning" Path="c:\Users\RaJpuT\Documents\Visual Studio 2015\WebSites\Final Practice" File="AllUserProfiles.aspx.cs" Line="76">Object 'cnn' can be disposed more than once in method 'AllUserProfiles.Button2_Click(object, EventArgs)'. To avoid generating a System.ObjectDisposedException you should not call Dispose more than one time on an object.: Lines: 76</Issue>
            </Message>
            <Message TypeName="Review SQL queries for security vulnerabilities" Category="Microsoft.Security" CheckId="CA2100" Status="Active" Created="2018-05-08 19:26:42Z" FixCategory="DependsOnFix">
             <Issue Name="WithNonLiterals" Certainty="75" Level="Warning" Path="c:\Users\RaJpuT\Documents\Visual Studio 2015\WebSites\Final Practice" File="AllUserProfiles.aspx.cs" Line="49">The query string passed to 'SqlCommand.SqlCommand(string, SqlConnection)' in 'AllUserProfiles.Button2_Click(object, EventArgs)' could contain the following variables 'this.TextBox1.Text'. If any of these variables could come from user input, consider using a stored procedure or a parameterized SQL query instead of building the query with string concatenations.</Issue>
             <Issue Name="WithNonLiterals" Certainty="75" Level="Warning" Path="c:\Users\RaJpuT\Documents\Visual Studio 2015\WebSites\Final Practice" File="AllUserProfiles.aspx.cs" Line="66">The query string passed to 'SqlCommand.SqlCommand(string, SqlConnection)' in 'AllUserProfiles.Button2_Click(object, EventArgs)' could contain the following variables 'this.TextBox1.Text'. If any of these variables could come from user input, consider using a stored procedure or a parameterized SQL query instead of building the query with string concatenations.</Issue>
            </Message>
           </Messages>
          </Member>
         </Members>
        </Type>
        <Type Name="UserDefault" Kind="Class" Accessibility="Public" ExternallyVisible="True">
         <Members>
          <Member Name="#Page_Load(System.Object,System.EventArgs)" Kind="Method" Static="False" Accessibility="Family" ExternallyVisible="True">
           <Messages>
            <Message TypeName="Review SQL queries for security vulnerabilities" Category="Microsoft.Security" CheckId="CA2100" Status="Active" Created="2018-05-08 19:26:42Z" FixCategory="DependsOnFix">
             <Issue Name="WithNonLiterals" Certainty="75" Level="Warning" Path="c:\Users\RaJpuT\Documents\Visual Studio 2015\WebSites\Final Practice" File="UserDefault.aspx.cs" Line="28">The query string passed to 'SqlCommand.SqlCommand(string, SqlConnection)' in 'UserDefault.Page_Load(object, EventArgs)' could contain the following variables 'this.Session["USERNAME"]'. If any of these variables could come from user input, consider using a stored procedure or a parameterized SQL query instead of building the query with string concatenations.</Issue>
            </Message>
           </Messages>
          </Member>
         </Members>
        </Type>
       </Types>
      </Namespace>
     </Namespaces>
    </Module>
   </Modules>
  </Target>
  <Target Name="C:\Users\RaJpuT\AppData\Local\Temp\tmp52B8.tmp.cadir\bin\App_Web_je3tdxcf.dll">
   <Modules>
    <Module Name="app_web_je3tdxcf.dll">
     <Namespaces>
      <Namespace Name="">
       <Types>
        <Type Name="AdminPanel" Kind="Class" Accessibility="Public" ExternallyVisible="True">
         <Members>
          <Member Name="#Page_Load(System.Object,System.EventArgs)" Kind="Method" Static="False" Accessibility="Family" ExternallyVisible="True">
           <Messages>
            <Message TypeName="Review SQL queries for security vulnerabilities" Category="Microsoft.Security" CheckId="CA2100" Status="Active" Created="2018-05-08 19:26:42Z" FixCategory="DependsOnFix">
             <Issue Name="WithNonLiterals" Certainty="75" Level="Warning" Path="c:\Users\RaJpuT\Documents\Visual Studio 2015\WebSites\Final Practice" File="AdminPanel.master.cs" Line="23">The query string passed to 'SqlCommand.SqlCommand(string, SqlConnection)' in 'AdminPanel.Page_Load(object, EventArgs)' could contain the following variables 'this.Session["USERNAME"]'. If any of these variables could come from user input, consider using a stored procedure or a parameterized SQL query instead of building the query with string concatenations.</Issue>
             <Issue Name="WithNonLiterals" Certainty="75" Level="Warning" Path="c:\Users\RaJpuT\Documents\Visual Studio 2015\WebSites\Final Practice" File="AdminPanel.master.cs" Line="29">The query string passed to 'SqlCommand.SqlCommand(string, SqlConnection)' in 'AdminPanel.Page_Load(object, EventArgs)' could contain the following variables 'this.Session["USERNAME"]'. If any of these variables could come from user input, consider using a stored procedure or a parameterized SQL query instead of building the query with string concatenations.</Issue>
            </Message>
           </Messages>
          </Member>
         </Members>
        </Type>
        <Type Name="Change_Password" Kind="Class" Accessibility="Public" ExternallyVisible="True">
         <Members>
          <Member Name="#Btnrecoverpassword_Click(System.Object,System.EventArgs)" Kind="Method" Static="False" Accessibility="Family" ExternallyVisible="True">
           <Messages>
            <Message TypeName="Do not dispose objects multiple times" Category="Microsoft.Usage" CheckId="CA2202" Status="Active" Created="2018-05-08 19:26:42Z" FixCategory="DependsOnFix">
             <Issue Certainty="75" Level="Warning" Path="c:\Users\RaJpuT\Documents\Visual Studio 2015\WebSites\Final Practice" File="Change-Password.aspx.cs" Line="65">Object 'cnn' can be disposed more than once in method 'Change_Password.Btnrecoverpassword_Click(object, EventArgs)'. To avoid generating a System.ObjectDisposedException you should not call Dispose more than one time on an object.: Lines: 65</Issue>
            </Message>
            <Message TypeName="Review SQL queries for security vulnerabilities" Category="Microsoft.Security" CheckId="CA2100" Status="Active" Created="2018-05-08 19:26:42Z" FixCategory="DependsOnFix">
             <Issue Name="WithNonLiterals" Certainty="75" Level="Warning" Path="c:\Users\RaJpuT\Documents\Visual Studio 2015\WebSites\Final Practice" File="Change-Password.aspx.cs" Line="45">The query string passed to 'SqlCommand.SqlCommand(string, SqlConnection)' in 'Change_Password.Btnrecoverpassword_Click(object, EventArgs)' could contain the following variables 'this.tbPassword.Text', 'this.Session["USERNAME"]'. If any of these variables could come from user input, consider using a stored procedure or a parameterized SQL query instead of building the query with string concatenations.</Issue>
             <Issue Name="WithNonLiterals" Certainty="75" Level="Warning" Path="c:\Users\RaJpuT\Documents\Visual Studio 2015\WebSites\Final Practice" File="Change-Password.aspx.cs" Line="34">The query string passed to 'SqlDataAdapter.SqlDataAdapter(string, SqlConnection)' in 'Change_Password.Btnrecoverpassword_Click(object, EventArgs)' could contain the following variables 'this.tbCurrentpassword.Text'. If any of these variables could come from user input, consider using a stored procedure or a parameterized SQL query instead of building the query with string concatenations.</Issue>
            </Message>
           </Messages>
          </Member>
         </Members>
        </Type>
        <Type Name="Deleteusers" Kind="Class" Accessibility="Public" ExternallyVisible="True">
         <Members>
          <Member Name="#Page_Load(System.Object,System.EventArgs)" Kind="Method" Static="False" Accessibility="Family" ExternallyVisible="True">
           <Messages>
            <Message TypeName="Review SQL queries for security vulnerabilities" Category="Microsoft.Security" CheckId="CA2100" Status="Active" Created="2018-05-08 19:26:42Z" FixCategory="DependsOnFix">
             <Issue Name="WithNonLiterals" Certainty="75" Level="Warning" Path="c:\Users\RaJpuT\Documents\Visual Studio 2015\WebSites\Final Practice" File="Deleteusers.aspx.cs" Line="25">The query string passed to 'SqlCommand.SqlCommand(string, SqlConnection)' in 'Deleteusers.Page_Load(object, EventArgs)' could contain the following variables 'this.Session["USERNAME"]'. If any of these variables could come from user input, consider using a stored procedure or a parameterized SQL query instead of building the query with string concatenations.</Issue>
            </Message>
           </Messages>
          </Member>
         </Members>
        </Type>
        <Type Name="Forgot_Password" Kind="Class" Accessibility="Public" ExternallyVisible="True">
         <Members>
          <Member Name="#Btnrecoverpassword_Click(System.Object,System.EventArgs)" Kind="Method" Static="False" Accessibility="Family" ExternallyVisible="True">
           <Messages>
            <Message TypeName="Review SQL queries for security vulnerabilities" Category="Microsoft.Security" CheckId="CA2100" Status="Active" Created="2018-05-08 19:26:42Z" FixCategory="DependsOnFix">
             <Issue Name="WithNonLiterals" Certainty="75" Level="Warning" Path="c:\Users\RaJpuT\Documents\Visual Studio 2015\WebSites\Final Practice" File="Forgot Password.aspx.cs" Line="88">The query string passed to 'SqlCommand.SqlCommand(string, SqlConnection)' in 'Forgot_Password.Btnrecoverpassword_Click(object, EventArgs)' could contain the following variables 'CS$0$0001', 'Uid'. If any of these variables could come from user input, consider using a stored procedure or a parameterized SQL query instead of building the query with string concatenations.</Issue>
             <Issue Name="WithNonLiterals" Certainty="75" Level="Warning" Path="c:\Users\RaJpuT\Documents\Visual Studio 2015\WebSites\Final Practice" File="Forgot Password.aspx.cs" Line="79">The query string passed to 'SqlCommand.SqlCommand(string, SqlConnection)' in 'Forgot_Password.Btnrecoverpassword_Click(object, EventArgs)' could contain the following variables 'this.tbEmail.Text'. If any of these variables could come from user input, consider using a stored procedure or a parameterized SQL query instead of building the query with string concatenations.</Issue>
            </Message>
           </Messages>
          </Member>
         </Members>
        </Type>
        <Type Name="Login" Kind="Class" Accessibility="Public" ExternallyVisible="True">
         <Members>
          <Member Name="#BtnSignin_Click(System.Object,System.EventArgs)" Kind="Method" Static="False" Accessibility="Family" ExternallyVisible="True">
           <Messages>
            <Message TypeName="Review SQL queries for security vulnerabilities" Category="Microsoft.Security" CheckId="CA2100" Status="Active" Created="2018-05-08 19:26:42Z" FixCategory="DependsOnFix">
             <Issue Name="WithNonLiterals" Certainty="75" Level="Warning" Path="c:\Users\RaJpuT\Documents\Visual Studio 2015\WebSites\Final Practice" File="Login.aspx.cs" Line="60">The query string passed to 'SqlCommand.SqlCommand(string, SqlConnection)' in 'Login.BtnSignin_Click(object, EventArgs)' could contain the following variables 'this.tbEmail.Text', 'this.tbPassword.Text'. If any of these variables could come from user input, consider using a stored procedure or a parameterized SQL query instead of building the query with string concatenations.</Issue>
            </Message>
           </Messages>
          </Member>
         </Members>
        </Type>
        <Type Name="Recoverpassword" Kind="Class" Accessibility="Public" ExternallyVisible="True">
         <Members>
          <Member Name="#Btnrecoverpassword_Click(System.Object,System.EventArgs)" Kind="Method" Static="False" Accessibility="Family" ExternallyVisible="True">
           <Messages>
            <Message TypeName="Review SQL queries for security vulnerabilities" Category="Microsoft.Security" CheckId="CA2100" Status="Active" Created="2018-05-08 19:26:42Z" FixCategory="DependsOnFix">
             <Issue Name="WithNonLiterals" Certainty="75" Level="Warning" Path="c:\Users\RaJpuT\Documents\Visual Studio 2015\WebSites\Final Practice" File="Recoverpassword.aspx.cs" Line="71">The query string passed to 'SqlCommand.SqlCommand(string, SqlConnection)' in 'Recoverpassword.Btnrecoverpassword_Click(object, EventArgs)' could contain the following variables 'this.tbNewpassword.Text', 'this.Uid'. If any of these variables could come from user input, consider using a stored procedure or a parameterized SQL query instead of building the query with string concatenations.</Issue>
            </Message>
           </Messages>
          </Member>
          <Member Name="#Page_Load(System.Object,System.EventArgs)" Kind="Method" Static="False" Accessibility="Family" ExternallyVisible="True">
           <Messages>
            <Message TypeName="Review SQL queries for security vulnerabilities" Category="Microsoft.Security" CheckId="CA2100" Status="Active" Created="2018-05-08 19:26:42Z" FixCategory="DependsOnFix">
             <Issue Name="WithNonLiterals" Certainty="75" Level="Warning" Path="c:\Users\RaJpuT\Documents\Visual Studio 2015\WebSites\Final Practice" File="Recoverpassword.aspx.cs" Line="27">The query string passed to 'SqlCommand.SqlCommand(string, SqlConnection)' in 'Recoverpassword.Page_Load(object, EventArgs)' could contain the following variables 'this.Request.QueryString["Uid"]'. If any of these variables could come from user input, consider using a stored procedure or a parameterized SQL query instead of building the query with string concatenations.</Issue>
            </Message>
           </Messages>
          </Member>
         </Members>
        </Type>
        <Type Name="Sign_up" Kind="Class" Accessibility="Public" ExternallyVisible="True">
         <Members>
          <Member Name="#BtnSignup_Click(System.Object,System.EventArgs)" Kind="Method" Static="False" Accessibility="Family" ExternallyVisible="True">
           <Messages>
            <Message TypeName="Do not dispose objects multiple times" Category="Microsoft.Usage" CheckId="CA2202" Status="Active" Created="2018-05-08 19:26:42Z" FixCategory="DependsOnFix">
             <Issue Certainty="75" Level="Warning" Path="c:\Users\RaJpuT\Documents\Visual Studio 2015\WebSites\Final Practice" File="Sign up.aspx.cs" Line="92">Object 'cnn' can be disposed more than once in method 'Sign_up.BtnSignup_Click(object, EventArgs)'. To avoid generating a System.ObjectDisposedException you should not call Dispose more than one time on an object.: Lines: 92</Issue>
            </Message>
            <Message TypeName="Review SQL queries for security vulnerabilities" Category="Microsoft.Security" CheckId="CA2100" Status="Active" Created="2018-05-08 19:26:42Z" FixCategory="DependsOnFix">
             <Issue Name="WithNonLiterals" Certainty="75" Level="Warning" Path="c:\Users\RaJpuT\Documents\Visual Studio 2015\WebSites\Final Practice" File="Sign up.aspx.cs" Line="83">The query string passed to 'SqlCommand.SqlCommand(string, SqlConnection)' in 'Sign_up.BtnSignup_Click(object, EventArgs)' could contain the following variables 'this.tbUsername.Text', 'this.tbEmail.Text', 'this.tbPassword.Text', 'this.tbMobileno.Text'. If any of these variables could come from user input, consider using a stored procedure or a parameterized SQL query instead of building the query with string concatenations.</Issue>
            </Message>
           </Messages>
          </Member>
         </Members>
        </Type>
        <Type Name="UserHome" Kind="Class" Accessibility="Public" ExternallyVisible="True">
         <Members>
          <Member Name="#Page_Load(System.Object,System.EventArgs)" Kind="Method" Static="False" Accessibility="Family" ExternallyVisible="True">
           <Messages>
            <Message TypeName="Review SQL queries for security vulnerabilities" Category="Microsoft.Security" CheckId="CA2100" Status="Active" Created="2018-05-08 19:26:42Z" FixCategory="DependsOnFix">
             <Issue Name="WithNonLiterals" Certainty="75" Level="Warning" Path="c:\Users\RaJpuT\Documents\Visual Studio 2015\WebSites\Final Practice" File="UserHome.aspx.cs" Line="25">The query string passed to 'SqlCommand.SqlCommand(string, SqlConnection)' in 'UserHome.Page_Load(object, EventArgs)' could contain the following variables 'this.Session["USERNAME"]'. If any of these variables could come from user input, consider using a stored procedure or a parameterized SQL query instead of building the query with string concatenations.</Issue>
             <Issue Name="WithNonLiterals" Certainty="75" Level="Warning" Path="c:\Users\RaJpuT\Documents\Visual Studio 2015\WebSites\Final Practice" File="UserHome.aspx.cs" Line="40">The query string passed to 'SqlCommand.SqlCommand(string, SqlConnection)' in 'UserHome.Page_Load(object, EventArgs)' could contain the following variables 'this.Session["USERNAME"]'. If any of these variables could come from user input, consider using a stored procedure or a parameterized SQL query instead of building the query with string concatenations.</Issue>
            </Message>
           </Messages>
          </Member>
         </Members>
        </Type>
        <Type Name="UserPanel" Kind="Class" Accessibility="Public" ExternallyVisible="True">
         <Members>
          <Member Name="#Page_Load(System.Object,System.EventArgs)" Kind="Method" Static="False" Accessibility="Family" ExternallyVisible="True">
           <Messages>
            <Message TypeName="Review SQL queries for security vulnerabilities" Category="Microsoft.Security" CheckId="CA2100" Status="Active" Created="2018-05-08 19:26:42Z" FixCategory="DependsOnFix">
             <Issue Name="WithNonLiterals" Certainty="75" Level="Warning" Path="c:\Users\RaJpuT\Documents\Visual Studio 2015\WebSites\Final Practice" File="UserPanel.master.cs" Line="26">The query string passed to 'SqlCommand.SqlCommand(string, SqlConnection)' in 'UserPanel.Page_Load(object, EventArgs)' could contain the following variables 'this.Session["USERNAME"]'. If any of these variables could come from user input, consider using a stored procedure or a parameterized SQL query instead of building the query with string concatenations.</Issue>
             <Issue Name="WithNonLiterals" Certainty="75" Level="Warning" Path="c:\Users\RaJpuT\Documents\Visual Studio 2015\WebSites\Final Practice" File="UserPanel.master.cs" Line="41">The query string passed to 'SqlCommand.SqlCommand(string, SqlConnection)' in 'UserPanel.Page_Load(object, EventArgs)' could contain the following variables 'this.Session["USERNAME"]'. If any of these variables could come from user input, consider using a stored procedure or a parameterized SQL query instead of building the query with string concatenations.</Issue>
            </Message>
           </Messages>
          </Member>
         </Members>
        </Type>
       </Types>
      </Namespace>
     </Namespaces>
    </Module>
   </Modules>
  </Target>
 </Targets>
 <Rules>
  <Rule TypeName="Do not dispose objects multiple times" Category="Microsoft.Usage" CheckId="CA2202">
   <Name>Do not dispose objects multiple times</Name>
   <Description>A correctly implemented Dispose method can be called multiple times without throwing an exception. However, this is not guaranteed and to avoid generating a System.ObjectDisposedException you should not call Dispose more than one time on an object.</Description>
   <Resolution Name="Default">Object {0} can be disposed more than once in method {1}. To avoid generating a System.ObjectDisposedException you should not call Dispose more than one time on an object.: Lines: 65</Resolution>
   <Owner>RuleOwner</Owner>
   <Url>http://msdn.microsoft.com/library/ms182334.aspx</Url>
   <Email />
   <MessageLevel Certainty="75">Warning</MessageLevel>
   <File Name="dataflowrules.dll" Version="14.0.0.0" />
  </Rule>
  <Rule TypeName="Review SQL queries for security vulnerabilities" Category="Microsoft.Security" CheckId="CA2100">
   <Name>Review SQL queries for security vulnerabilities</Name>
   <Description>A SQL command string built from user input is vulnerable to SQL injection attacks. Microsoft SQL Server and other database servers support stored procedures and parameterized SQL queries, which reduce the risk of injection attacks.</Description>
   <Resolution Name="WithNonLiterals">The query string passed to {0} in {1} could contain the following variables {2}. If any of these variables could come from user input, consider using a stored procedure or a parameterized SQL query instead of building the query with string concatenations.</Resolution>
   <Owner>RuleOwner</Owner>
   <Url>http://msdn.microsoft.com/library/ms182310.aspx</Url>
   <Email />
   <MessageLevel Certainty="75">Warning</MessageLevel>
   <File Name="dataflowrules.dll" Version="14.0.0.0" />
  </Rule>
 </Rules>
 <Localized>
  <String Key="Category">Category</String>
  <String Key="Certainty">Certainty</String>
  <String Key="CollapseAll">Collapse All</String>
  <String Key="CheckId">Check Id</String>
  <String Key="Error">Error</String>
  <String Key="Errors">error(s)</String>
  <String Key="ExpandAll">Expand All</String>
  <String Key="Help">Help</String>
  <String Key="Line">Line</String>
  <String Key="Messages">message(s)</String>
  <String Key="LocationNotStoredInPdb">[Location not stored in Pdb]</String>
  <String Key="Project">Project</String>
  <String Key="Resolution">Resolution</String>
  <String Key="Rule">Rule</String>
  <String Key="RuleFile">Rule File</String>
  <String Key="RuleDescription">Rule Description</String>
  <String Key="Source">Source</String>
  <String Key="Status">Status</String>
  <String Key="Target">Target</String>
  <String Key="Warning">Warning</String>
  <String Key="Warnings">warning(s)</String>
  <String Key="ReportTitle">Code Analysis Report</String>
 </Localized>
</FxCopReport>
